{"cameraMode":{"drawMode":0,"name":"Shaded","section":"Shading Mode"},"sceneLighting":false,"audioPlay":false,"sceneViewState":{"m_AlwaysRefresh":false,"showFog":true,"showSkybox":false,"showFlares":true,"showImageEffects":true,"showParticleSystems":true,"showVisualEffectGraphs":true,"m_FxEnabled":true},"in2DMode":false,"pivot":{"x":-0.1266268938779831,"y":-0.06946200132369995,"z":0.4817991256713867},"rotation":{"x":0.016365962103009225,"y":0.9493780732154846,"z":-0.309679239988327,"w":0.050175316631793979},"size":0.5065528154373169,"orthographic":false}