{"cameraMode":{"drawMode":0,"name":"Shaded","section":"Shading Mode"},"sceneLighting":false,"audioPlay":false,"sceneViewState":{"m_AlwaysRefresh":false,"showFog":true,"showSkybox":false,"showFlares":true,"showImageEffects":true,"showParticleSystems":true,"showVisualEffectGraphs":true,"m_FxEnabled":true},"in2DMode":false,"pivot":{"x":-0.028246913105249406,"y":0.04645824432373047,"z":0.4106487035751343},"rotation":{"x":-0.002271956531330943,"y":0.9033267498016357,"z":-0.42902547121047976,"w":-0.004887332674115896},"size":2.1815977096557619,"orthographic":false}