{"cameraMode":{"drawMode":0,"name":"Shaded","section":"Shading Mode"},"sceneLighting":false,"audioPlay":false,"sceneViewState":{"m_AlwaysRefresh":false,"showFog":true,"showSkybox":false,"showFlares":true,"showImageEffects":true,"showParticleSystems":true,"showVisualEffectGraphs":true,"m_FxEnabled":true},"in2DMode":false,"pivot":{"x":-0.7101412415504456,"y":-0.8062911033630371,"z":-0.13054537773132325},"rotation":{"x":0.001892471918836236,"y":0.9189743399620056,"z":-0.39430001378059389,"w":0.004412589594721794},"size":3.149643898010254,"orthographic":false}