{"cameraMode":{"drawMode":0,"name":"Shaded","section":"Shading Mode"},"sceneLighting":false,"audioPlay":false,"sceneViewState":{"m_AlwaysRefresh":false,"showFog":true,"showSkybox":false,"showFlares":true,"showImageEffects":true,"showParticleSystems":true,"showVisualEffectGraphs":true,"m_FxEnabled":true},"in2DMode":false,"pivot":{"x":-0.27343758940696719,"y":0.5269725322723389,"z":-1.157386064529419},"rotation":{"x":-0.003937707282602787,"y":0.9224466681480408,"z":-0.3859975337982178,"w":-0.009407678619027138},"size":2.1799633502960207,"orthographic":false}