{"cameraMode":{"drawMode":0,"name":"Shaded","section":"Shading Mode"},"sceneLighting":true,"audioPlay":false,"sceneViewState":{"m_AlwaysRefresh":false,"showFog":true,"showSkybox":true,"showFlares":true,"showImageEffects":true,"showParticleSystems":true,"showVisualEffectGraphs":true,"m_FxEnabled":true},"in2DMode":false,"pivot":{"x":-0.7235836982727051,"y":0.08070564270019531,"z":-2.1621646881103517},"rotation":{"x":0.00018971646204590797,"y":-0.7081985473632813,"z":0.7060784101486206,"w":0.00022927676036488265},"size":14.210615158081055,"orthographic":false}